accountId,accountName,clientId
1,Kauai Melicope,96
2,Huger's Carrionflower,17
3,Chamisso's Cottongrass,46
4,Nevada Sumpweed,8
5,Limestoneglade Bladderpod,100
6,Whitebark Pine,68
7,European Waterclover,4
8,Hornleaf Riverweed,42
9,Ragged Pink,35
10,Brazilian Morning-glory,49
11,Glandweed,63
12,Pelotazo,6
13,Pore Lichen,61
14,Suksdorf's Milkvetch,60
15,Arctic Cottongrass,68
16,False Diamondflower,69
17,Mojave Phacelia,89
18,Cushenbury Oxytheca,75
19,Milkwort Knotweed,88
20,Diels' Cotoneaster,88
21,Sulphur-flower Buckwheat,12
22,Oemleria,78
23,Wright's Trumpets,70
24,Black River Beardtongue,58
25,Armenian Poppy,81
26,Lyreleaf Jewelflower,34
27,Baobab,19
28,Cup Lichen,77
29,Wallowa Onion,92
30,Luquillo Mountain Guava,2
31,Bloodroot,78
32,Mango Brome,3
33,Drooping Woodreed,54
34,Purpus' Tumblemustard,39
35,Redberry Nightshade,10
36,Mountain Gray Gum,72
37,Eastern Gray Beardtongue,73
38,Soybean,86
39,Plumeria,20
40,Milkwood,81
41,Velvet Leaf Senna,67
42,Pincushion,40
43,Western Spleenwort,94
44,Three-way Sedge,58
45,Spiderweb Chloris,58
46,Jones' False Cloak Fern,77
47,Cottongrass,44
48,Cyrtandra,61
49,Pyrrhospora Lichen,34
50,Wrinkleleaf Goldenrod,58
51,Tubular Bluestar,5
52,Goldenrod,3
53,Heartleaf Evening Primrose,99
54,Plains Lovegrass,44
55,Disc Lichen,29
56,Rousselia,9
57,Spider Brake,77
58,Silkrubber,94
59,Macoun's Wart Lichen,77
60,Butterweed,36
61,Pinklady,42
62,Carolina Desert-chicory,72
63,Brazilian Waterhyssop,15
64,Santa Cruz Beehive Cactus,72
65,Coast Checkerbloom,51
66,Tundra Fescue,72
67,Lidgate's Brake,66
68,Low Phacelia,31
69,Needle Lichen,9
70,San Joaquin Saltbush,93
71,Undulate Jelly Lichen,64
72,Red Buckeye,63
73,Low False Bindweed,48
74,Western Spruce Dwarf Mistletoe,89
75,Jateorhiza,65
76,Marsh Bluegrass,78
77,Palo De Gallina,2
78,Cowbag Clover,66
79,Obtuse Willow,61
80,Warnstorfia Moss,26
81,False Horkelia,4
82,Robbins' Spikerush,91
83,Featherleaf Springparsley,33
84,Nodding Pinweed,15
85,Green Hawthorn,48
86,Kellogg's Tarweed,4
87,Asterothyrium Lichen,50
88,Whitescale Sedge,65
89,Scouringrush Horsetail,7
90,Latin American Spleenwort,21
91,Golden Spiderflower,36
92,Coyote Gourd,23
93,Gravel Milkvetch,32
94,Glory-of-the-snow,5
95,Royal Hala Pepe,94
96,Rose Heath,18
97,Ligurian Clover,7
98,Funtumia,4
99,Edwards Plateau Yellow Stingbush,85
100,Radish,55
101,Goldenheather,66
102,Beardless Chinchweed,84
103,Johnsongrass,29
104,Palmer's Indian Mallow,90
105,Reed,16
106,Swiss Kidney Lichen,47
107,Mokihana,29
108,Lung Lichen,45
109,Silky Phacelia,38
110,Robert Geranium,74
111,Spiny-spore Quillwort,11
112,Yellow Archangel,95
113,Snake River Cryptantha,78
114,Smith's Melicgrass,5
115,Whitebox,80
116,Chastetree,30
117,Silvery Lupine,88
118,Orange Milkwort,32
119,Hinoki False Cypress,13
120,Juda's Bush,75
121,Queen Of The Forest,64
122,Giant Yarrow,56
123,Scarlet Milkvetch,71
124,Spotted Signal Grass,70
125,Sagebrush Phlox,88
126,Reverchon's Bristlegrass,88
127,Clark Valley Larkspur,17
128,Sinuous Hypotrachyna Lichen,98
129,Hypotrachyna Lichen,2
130,Carmel Ceanothus,94
131,Cotoneaster,92
132,Marsh Dock,55
133,Parry's Fringed Onion,32
134,Rough Cocklebur,81
135,Apodanthera,55
136,Blisterwort,17
137,Carpetgrass,83
138,Huckleberry,52
139,Wavy Hairgrass,54
140,Sweet Marjoram,91
141,Ellis' Stinking Milkvetch,21
142,Juan Tomas,22
143,Stickyseed,30
144,Benincasa,93
145,Byron Larkspur,80
146,Nodding Rattlesnakeroot,100
147,Kangaroo Vine,64
148,Great Valley Eryngo,3
149,Wiry Flatsedge,44
150,Celandine,24
151,Rosinweed,31
152,Alfalfa Dodder,85
153,Common Woolly Sunflower,39
154,Jointed Goatgrass,87
155,Feltleaf Willow,70
156,Hamatocactus,21
157,Rayless Shaggy Fleabane,59
158,Spreading Threeawn,86
159,Santa Cruz Silverpuffs,77
160,Blue Lupine,31
161,Vente Conmigo,53
162,Mexican Cologania,100
163,Pacific Trillium,65
164,Manaca,25
165,Serpentine Jewelflower,38
166,Lecidella Lichen,28
167,Wickes' Loeskypnum Moss,28
168,Malcolmia,8
169,Mangrove,10
170,Graybark Grape,24
171,Silky-leaf Osier,19
172,Bird-of-paradise Shrub,49
173,Lakeshore Panicgrass,33
174,Utah Small Camas,25
175,Whitemargin Beardtongue,96
176,Alkalisink Goldfields,32
177,Cinquefoil Geranium,84
178,Cracked Lichen,3
179,Pickering's Dawnflower,2
180,Sulphur Indian Paintbrush,55
181,Haresfoot Locoweed,52
182,Cone-hair Wallrocket,68
183,Manyflower Tobacco,78
184,Green Cockscomb,95
185,Weak Jumby Pepper,8
186,Fort Miller Clarkia,76
187,Wedgeleaf Violet,96
188,Drummond's Cinquefoil,83
189,Newcombe's Butterweed,72
190,Shea Butter,2
191,Prickly Bog Sedge,72
192,Cup Lichen,77
193,Texas Pricklypoppy,43
194,Red Catchfly,69
195,Inland Serviceberry,72
196,Tropical Almond,100
197,Cultivated Knotweed,100
198,Racomitrium Moss,10
199,Bigleaf Aster,89
200,Latin American Crowngrass,1
201,Braun's Hollyfern,93
202,Florida Adder's-mouth Orchid,13
203,Vallesia,59
204,Blisterwort,95
205,Sabine River Wakerobin,52
206,Blue Funnel Lily,83
207,Nylander's Lecidea Lichen,52
208,Eastern Greenviolet,37
209,Rim Lichen,51
210,Desertbells,18
211,Georgia False Indigo,91
212,Plains Bluegrass,2
213,Western Ragwort,2
214,Prickly-leaf Teatree,68
215,Zigzag Spiderwort,27
216,Smallflower Lovegrass,8
217,Purplestem Shoestring Fern,50
218,Kachina Fleabane,11
219,Sugarberry,8
220,Largeleaf Phyllostegia,48
221,Western Red Columbine,16
222,Claspleaf Twistedstalk,36
223,Caper,52
224,Mexican Pleuridium Moss,91
225,Leioderma Lichen,85
226,Coast Range Mariposa Lily,65
227,Camphorweed,30
228,Goatgrass,61
229,Fewflower Blazing Star,40
230,Florida Cockspur Grass,30
231,Aromatic Indian Breadroot,68
232,Didymodon Moss,71
233,Tussock Cottongrass,96
234,Nettleleaf Velvetberry,70
235,Scouler's St. Johnswort,46
236,Blue Mountain Beardtongue,5
237,Seeman's Sunbonnets,77
238,Bluntflower Rush,57
239,Thomson's Porpidia Lichen,86
240,Siberian Squill,11
241,Prickly Gousblom,43
242,Rush Lemonweed,31
243,Rocky Mountain Milkvetch,81
244,Red Fescue,83
245,Prairie Phlox,32
246,Wart Lichen,29
247,Desert Mariposa Lily,79
248,Rim Lichen,1
249,Limestone Draba,93
250,Brouard's Rinodina Lichen,26
251,Thymeleaf Buckwheat,12
252,Nodding Sunray,57
253,Texas Sandmint,30
254,Aquilon Prieto,92
255,Fayodia Lichen,30
256,Torrey's Popcornflower,64
257,Bastardsage,49
258,Wild Coco,37
259,Wirestem Buckwheat,37
260,Cobwebby Thistle,10
261,Orthotrichum Moss,46
262,Coastal Plain Heliotrope,70
263,Mustard,67
264,Blodgett's Swallow-wort,22
265,Ottley's Bird's-foot Trefoil,56
266,Daylily,83
267,Anomodon Moss,17
268,Woodrush Flatsedge,7
269,Water Jacket,100
270,Linear Cartilage Lichen,41
271,Tall Annual Willowherb,88
272,Mountain Clauzadea Lichen,27
273,Fuzzystem Phyllostegia,84
274,Indianpipe,86
275,Brazilian Waterhyssop,61
276,Barundi Dropseed,65
277,Urospermum,28
278,Hybrid Oak,88
279,Exserted Indian Paintbrush,57
280,Bryum Moss,92
281,New Mexico Spinystar,57
282,Low Spearwort,9
283,Broughtonia,96
284,Little Lemonhead,31
285,Hypnum Moss,95
286,Sturdy Bulrush,67
287,Santa Rosa Basalt Brodiaea,6
288,Jelly Lichen,14
289,Arrowfeather Threeawn,100
290,Cinquefoil,81
291,Kombe Arrow Poison,22
292,Red Cottongrass,91
293,Woolly Desert Marigold,51
294,Supine Bluegrass,58
295,Viscid Lipfern,67
296,Pincushion Plant,57
297,Ithaca Blackberry,47
298,Cadaba,5
299,Venus Penstemon,60
300,Necker's Thamnobryum Moss,93
301,Anoectangium Moss,59
302,Shale Barren Buckwheat,80
303,Spleenwort,26
304,Pacific Lacefern,23
305,Strawberryleaf Cinquefoil,64
306,Tube Lichen,22
307,Graham's Willow,46
308,Inland Gilia,11
309,Boxelder,12
310,Cobralily,68
311,Cliff Stonecrop,5
312,Curtiss' Primrose-willow,72
313,Slender Popcornflower,97
314,Sageleaf Willow,94
315,White River Beardtongue,17
316,Dwarf Hackberry,67
317,Pursh Seepweed,68
318,Lyall's Milkvetch,81
319,Small Butterwort,53
320,Gamba-pea,93
321,Bog Chickweed,6
322,Heterocladium Moss,70
323,Mucilage Manjack,52
324,Oatgrass,45
325,Umbrella Fern,98
326,Rubber Rabbitbrush,35
327,Cypress-knee Helmet Orchid,14
328,Funaria Moss,47
329,Beard Lichen,94
330,Stork's Bill,96
331,Tall Fleabane,72
332,Raymund's Birch,72
333,Hybrid False Oat,91
334,Donnellia Moss,71
335,Sequoia Bedstraw,69
336,Hobdy's Naupaka,85
337,Licania,49
338,Norwegian Timmia Moss,79
339,Tilingia,56
340,Sicklekeel Lupine,70
341,Canna Lily,48
342,Seashore False Bindweed,64
343,Kadam,50
344,Delta Arrowhead,89
345,Lobed-leaf Stingbush,63
346,Cypresshead Groundcherry,47
347,Oil Shale Fescue,90
348,Low Rough Aster,7
349,Bastard Stopper,9
350,Eurasian Nailwort,90
351,Cucubano De Monte,24
352,Pachyphiale Lichen,1
353,Pingue Rubberweed,71
354,Fern-leaf Acacia,76
355,Heather,47
356,Scaleseed,6
357,Liebmann's Bristlegrass,38
358,Nevada Jacob's-ladder,35
359,Bryum Moss,18
360,Govenia,60
361,Longflower Threadplant,80
362,Desert Valley Fishhook Cactus,89
363,Marigold Pincushionplant,100
364,Glyphis Lichen,93
365,Cold Brachythecium Moss,60
366,Indian Warrior,94
367,Bermuda Buttercup,61
368,Jamaican Crabgrass,98
369,Desert Dodder,61
370,Eastern Greenviolet,44
371,Gall Of The Earth,79
372,Parish's Saltbush,52
373,Spearleaf Buckwheat,78
374,Bambarra Groundnut,95
375,Common Cowparsnip,74
376,Orange Bush Monkeyflower,90
377,Bur Cucumber,55
378,Tall Albizia,91
379,Stiffbranch Bird's Beak,11
380,Desert Evening Primrose,38
381,Alpine Pussytoes,86
382,Western Pearly Everlasting,59
383,Slender Carpetweed,63
384,Callicladium Moss,75
385,Big Quakinggrass,11
386,Roughglume Bushy Bluestem,74
387,Sabaigrass,48
388,Yellow Chiodecton Lichen,66
389,Water Mint,13
390,Cooper's Popcornflower,48
391,Nakedstem Livingvase,37
392,Drummond's Campion,75
393,Common Box,65
394,Manystem Ratany,82
395,Shortspike Canarygrass,59
396,Crucifixion Thorn,42
397,California Ash,49
398,Nevada Bulrush,25
399,Roundfruit Rush,26
400,Funck's Hairsedge,40
401,Rock Tickseed,97
402,Field Woodrush,62
403,Browneyed Susan,16
404,Alice Eastwood's Fleabane,38
405,Lecidea Lichen,58
406,Oriental Lady's Thumb,28
407,Heimburger's Anemone,75
408,Longleaf Bush Lupine,20
409,Map Lichen,44
410,Halberdleaf Orach,90
411,Douglas' Mesamint,74
412,Chihuahuan Stickseed,61
413,Wand Lythrum,62
414,Coenogonium Lichen,21
415,Arctic Alpine Forget-me-not,95
416,Lychee,11
417,Showy Milkwort,94
418,Roundfruit Sedge,77
419,Soft Bindweed,53
420,Narrowleaf Water-starwort,25
421,Thomas' Bird's-eye Bush,4
422,Johnny-jump-up,98
423,Rimmed Lichen,43
424,Pingue Rubberweed,46
425,Myall Acacia,19
426,Punta Gorda Spiderlily,46
427,Hillebrand's Flatsedge,65
428,Angularfruit Milkvine,83
429,Shasta Clarkia,73
430,Mealy Lichen,14
431,Rome Hawthorn,3
432,Hairy Rockrose,89
433,Faurie's Panicgrass,15
434,Fireweed,92
435,Schneck Oak,2
436,Sartwell's Sedge,50
437,Stinknet,97
438,Velvety Goldenrod,53
439,Reindeer Lichen,14
440,Fuzzyleaf Clover,37
441,Common Stork's Bill,17
442,Hairy Brackenfern,32
443,Aspen Onion,13
444,Mountain Fly Honeysuckle,25
445,Common Hoptree,4
446,Intermountain Bog Orchid,48
447,Grassland Sedge,37
448,Millet Beaksedge,45
449,Harford's Oniongrass,80
450,Wolf's Bluegrass,54
451,Loeskypnum Moss,85
452,Umbrella Star Orchid,66
453,Sticky Snakeweed,86
454,Vallesia,16
455,Ethiopian Rattlebox,66
456,Mariposa Clarkia,5
457,Downy Pagoda-plant,77
458,Biennial Beeblossom,1
459,Eaton's Fleabane,33
460,Carruthers' Falseface,68
461,Lanceleaf Fogfruit,6
462,Arctic Pennycress,78
463,Mallee Saltbush,77
464,Britton's Spikerush,86
465,Maui Beggarticks,74
466,Mackenzie's Blue Wildrye,26
467,Rose Linanthus,96
468,Chinese Boxorange,89
469,Swamp Tickseed,66
470,Crabgrass,25
471,Broom,20
472,Gold-dust Acacia,23
473,Fowler's Knotweed,23
474,Bloodroot,57
475,Woolly Geranium,56
476,Mediterranean Lovegrass,14
477,Panamint Liveforever,31
478,Hairy Wildrye,27
479,Idaho Fescue,23
480,Scarlet Oak,95
481,Field Chickweed,68
482,Armoracia,97
483,Finger Sprangletop,35
484,Herbwilliam,77
485,Delta Bulrush,99
486,Desert Rose,90
487,Rydberg's Golden Columbine,62
488,Sonoran Silverbush,93
489,Livermore Nailwort,59
490,Foothill Jepsonia,28
491,Davis' Sedge,88
492,Cochise Sedge,82
493,Silvery Nailwort,27
494,San Diego Wirelettuce,14
495,Downy Gentian,33
496,Canoparmelia Lichen,64
497,Orochaenactis,79
498,Dalibarda,63
499,Pursh Seepweed,35
500,Oncostema,59
501,Black Sapote,27
502,Steerecleus Moss,73
503,Pretty Sneezeweed,48
504,Striped Hawksbeard,32
505,Douglas' Buckwheat,95
506,Pacific Lecidea Lichen,27
507,Schaffner's Wattle,59
508,Spanish Iris,41
509,Smallwing Sedge,28
510,Kamchatka Rhododendron,84
511,Strigula Lichen,69
512,Canoparmelia Lichen,40
513,Tropical Cowpea,34
514,Pinemat Manzanita,3
515,Myurella Moss,36
516,Orangeflower Lupine,55
517,Sweet After Death,27
518,Leathery Colicwood,1
519,Lacy Tansyaster,55
520,Groundcover Milkvetch,78
521,Nodeweed,76
522,Cola De Paloma,50
523,Polkadots,43
524,Chewstick,84
525,Navajo Tea,19
526,Bog Birch,40
527,Origanum,38
528,Diamondleaf Lacefern,87
529,Gooseberryleaf Globemallow,67
530,Tordylium,12
531,Lecidella Lichen,84
532,Leafy Bladderwort,29
533,Balsamroot,34
534,Bentonite Desertparsley,68
535,Clapperton's Parkia,5
536,Prickly Moses,99
537,Mutis' Flatsedge,85
538,Bruchia Moss,26
539,Narrowleaf Dock,100
540,Rincon Mountain Rockcress,69
541,Purple Needlegrass,88
542,Walking-stick Palm,76
543,Shortstalk Sedge,64
544,Catalina Popcornflower,1
545,Mann's Island Spleenwort,51
546,Eggyolk Lichen,52
547,Lecania Lichen,98
548,White Rosemallow,29
549,Puerto Rico Purslane,4
550,Granite Hedgehyssop,85
551,Big Bend Bluegrass,98
552,Sculptured Popcornflower,94
553,Dotted Onion,6
554,Bristle Nailwort,46
555,Brachythecium Moss,92
556,Poison Suckleya,94
557,Mojave Spikemoss,88
558,Strawflower,22
559,Celandine,39
560,Bigelow's Amaranth,93
561,Bulltongue Arrowhead,91
562,Myurella Moss,44
563,Low False Bindweed,36
564,Black Wattle,83
565,Plumeless Thistle,16
566,Wheat,42
567,Plumed Brickellbush,30
568,Wight's Myriotrema Lichen,87
569,Cerro La Torrecilla Stopper,23
570,Devil's Horsewhip,87
571,Splitleaf Gilia,5
572,Green Gentian,3
573,Watermelon,80
574,Crack Willow,22
575,False Fanpetals,37
576,Blutaparon,92
577,Inyo Milkvetch,90
578,Blepharizonia,76
579,Thinleaf Alder,54
580,Pleea,68
581,Giant White Fawnlily,71
582,Swordleaf Rush,59
583,Douglas' Ragwort,3
584,Alaska Orache,90
585,Huuskonen's Phacopsis Lichen,59
586,Male Fern,23
587,San Gabriel Bluecup,22
588,Thurber's Fescue,54
589,Texas Spiderwort,24
590,Scammony,39
591,West Indian Sumac,99
592,Dichelyma Moss,55
593,Mann's Phyllostegia,19
594,Whiterim Scurfpea,60
595,White Passionflower,10
596,Sickle Pigeonwings,71
597,Plumeweed,57
598,Basin Big Sagebrush,98
599,Sesamum,80
600,Beach Sand Verbena,93
601,Lava Hau Kuahiwi,64
602,Stemless Dwarf-cudweed,51
603,California Fawnlily,86
604,Parry's Phacelia,53
605,Sabaigrass,7
606,Carolina Larkspur,70
607,Arctic Starflower,2
608,Splitleaf Cyanea,50
609,Melaspilea Lichen,99
610,Mooncarrot,44
611,Southwestern Needlegrass,5
612,Nalta Jute,86
613,Disc Lichen,27
614,Uruguayan Fountaingrass,49
615,Wright's Rosette Grass,56
616,Manyflower Flatsedge,43
617,Bougainvillea,28
618,Moundscale,39
619,Cymodocea,42
620,Ledge Stonecrop,89
621,Sand Fleabane,4
622,Torrey's Sedge,31
623,Herman's Dwarf Rush,55
624,Rugosa Rose,44
625,Flaxleaf Monardella,72
626,Athel Tamarisk,58
627,Necklace Sedge,28
628,Owyhee Milkvetch,9
629,Texas Sotol,28
630,Island Babyboot Orchid,14
631,Rebutia,33
632,Sandwort Microcalicium Lichen,26
633,Phlyctella Lichen,44
634,Dunguey,99
635,Croton,20
636,Warnstorfia Moss,17
637,Limpograss,98
638,Needle Spikerush,36
639,Whitemouth Dayflower,44
640,Perfoliate Baby's-breath,5
641,West Indian Spiderlily,63
642,Transmontane Sand Verbena,84
643,Common Woodrush,37
644,Hawai'i Silversword,65
645,Northeastern Dewberry,32
646,Clasping Milkweed,48
647,Hybrid Violet,87
648,Cuthbert's Turtlehead,39
649,European Cornsalad,77
650,Long Pricklyhead Poppy,66
651,Thomas' Lidflower,100
652,Old World Adderstongue,90
653,Hillebrand's Hollyfern,18
654,Lompoc Yerba Santa,30
655,African Daisy,81
656,Spectacular Flatsedge,86
657,Avens,56
658,Spiderleaf,36
659,Largeflower Hawksbeard,78
660,Common Threesquare,17
661,'ohi'a Lehua,61
662,Polyblastia Lichen,28
663,Kaibab Sedge,57
664,Chia,10
665,Wahlenberg's Oncophorus Moss,66
666,Shaggyhair Alumroot,95
667,Jointed Flatsedge,71
668,Leafless Beaked Lady Orchid,99
669,Featherleaf Kittentails,38
670,Henderson's Biscuitroot,51
671,Vahl's Speedwell,57
672,Lecidea Lichen,47
673,Feltleaf Willow,85
674,Tiny Purslane,55
675,Gland Indian Paintbrush,96
676,Fringed Orchid,94
677,Blighia,17
678,American Smoketree,99
679,San Nicholas Biscuitroot,49
680,False Semaphoregrass,25
681,Cracked Lichen,83
682,Eurasian Baneberry,91
683,San Gabriel Bluecup,72
684,Spiny Cocklebur,16
685,Common Hoptree,67
686,Desert Indianwheat,74
687,Pale Blue-eyed Grass,96
688,Bukhara Fleeceflower,81
689,Water Trumpet,62
690,Rim Lichen,7
691,Cup Lichen,1
692,Tehama Pincushionplant,83
693,Sweetscented Phacelia,15
694,Cusick's Pincushion,59
695,Hairy Purslane Speedwell,67
696,Santa Barbara Ceanothus,81
697,Agueweed,47
698,Parmotrema Lichen,2
699,Agardh Lupine,19
700,Pacific Blacksnakeroot,52
701,Wreath Lichen,36
702,Alpine Lady's Mantle,49
703,Sierra Erigeron,33
704,Water Birch,57
705,Hualalai Bur Cucumber,44
706,Schismatomma Lichen,41
707,Loureir's Date Palm,22
708,Dicranella Moss,61
709,Xanthoparmelia Lichen,83
710,Muir's Fleabane,16
711,Jumpseed,35
712,Chamisso Arnica,28
713,Brownspined Pricklypear,70
714,California Milkweed,22
715,Wavyleaf Sea Lavender,14
716,Common Spikerush,35
717,Weak Arctic Sedge,90
718,Japanese Thimbleweed,35
719,Nodding Needlegrass,30
720,Virginia Wildrye,25
721,Canada Bluegrass,61
722,Enchanter's Nightshade,76
723,Siskiyou Mariposa Lily,6
724,Thompson's Rockcress,71
725,Narrowleaf Brickellbush,96
726,Intermountain Indian Breadroot,80
727,Riggin's Penstemon,4
728,Leafy Lespedeza,92
729,Southern Rockbell,82
730,European Swallow-wort,58
731,Pigeonwings,99
732,Boykin's Clusterpea,80
733,Pseudoleskeella Moss,32
734,Fringed Rosemallow,36
735,Twistedstalk,57
736,Fountain Butterflybush,86
737,Brownish Sedge,11
738,Slimleaf Rosewood,83
739,Chaparral Dodder,28
740,Alpine Besseya,49
741,Sago Palm,90
742,Sessileflower False Goldenaster,32
743,Orange Lichen,80
744,Nevada Cracked Lichen,69
745,Small Limestone Moss,47
746,Brown Widelip Orchid,95
747,Curtiss' Nutrush,39
748,Marsh Grass,31
749,Clubmoss Mousetail,46
750,King's Lupine,69
751,Shield Lichen,39
752,American Rinodina Lichen,64
753,Sierra Bog Orchid,84
754,Hairyleaf Bristlegrass,86
755,Parry's Bellflower,25
756,Aster,8
757,Thinstem Lady's Mantle,66
758,Denseflower Indian Paintbrush,8
759,Eastern Star Sedge,90
760,Flat-top Four O'clock,69
761,Trichodon Moss,92
762,Arizona Cottontop,7
763,Owl's-clover,2
764,Norwegian Cinquefoil,89
765,Clifford's Phacelia,3
766,Na'ena'e Pua Melemele,7
767,English Lavender,18
768,Freckled Milkvetch,74
769,Prickly Bottlebrush,64
770,Redflower Ragleaf,34
771,Fleshyfruit Gladecress,25
772,Octopus Fern,2
773,Roundleaf Hawthorn,39
774,Fragrant Ash,23
775,Mud Sedge,38
776,African Daisy,3
777,Water-trumpet,40
778,Guadalupe Mountain Sedge,85
779,Orange Lichen,48
780,Slenderstem Monkeyflower,64
781,Great Globethistle,21
782,Whitethorn Acacia,17
783,Marie Galante Cotton,23
784,Strickland's Umbrellawort,65
785,Mojave Sand Verbena,49
786,Morrow's Honeysuckle,73
787,Australian Indigo,49
788,Thelopsis Lichen,46
789,Scrub Palmetto,69
790,Ashen Milkvetch,91
791,Coastal Bird's-foot Trefoil,22
792,Littlebell,40
793,Bitter Cherry,45
794,Vlassov's Phascum Moss,70
795,Seaside Brookweed,42
796,Bastardcedar,52
797,Baker's Hawksbeard,58
798,Velvety Goldenrod,29
799,Gaslight Bladderpod,72
800,Hoffmann's Buckwheat,63
801,Mexican Groundcherry,56
802,Dense Blazing Star,35
803,Connecticut Beggarticks,86
804,Alkali Centaury,38
805,Menzies' Campion,89
806,False Yellowhead,23
807,Brown Indianhemp,79
808,Drooping Wattle,34
809,California Ponysfoot,83
810,Planellas' Polygala,39
811,Carolina Alumroot,22
812,Desertsnow,39
813,Teloschistes Lichen,98
814,Narrowpoint Knotweed,58
815,Arctic Woodrush,4
816,St. Andrew's Cross,86
817,Limestone Goldenrod,74
818,Umbrella Thorn,18
819,Virginia Buttonweed,90
820,Florida Lady's Nightcap,37
821,Martinique Trimezia,51
822,Coastal Phyllostegia,96
823,Prism Bouchea,58
824,Langlois' Violet,10
825,Lignum-vitae,8
826,Fish Creek Fleabane,7
827,Rockloving Erigeron,80
828,Big Red Stem Moss,21
829,San Bruno Mountain Manzanita,37
830,Railwaycreeper,40
831,Papershell Pinyon,67
832,New Mexican Wart Lichen,26
833,Costa Baja Phacelia,2
834,Silver Prairie Clover,53
835,Mulga,52
836,Agardh Lupine,1
837,Spring Forget-me-not,4
838,San Benito Thorn-mint,73
839,Hoppner's Sedge,100
840,Dodonaea,22
841,Templetree,40
842,Touristplant,42
843,Douglas' Fiddleneck,100
844,Spineless Horsebrush,89
845,Boje,20
846,Mexican Primrose-willow,77
847,Arctic Yellow Violet,37
848,Ash Meadows Blazingstar,71
849,Treemoss Bristle Fern,67
850,Wild Hollyhock,84
851,Thrombium Lichen,71
852,Disc Lichen,19
853,Limestone Beardtongue,54
854,Fremont's Dalea,79
855,Florida Ticktrefoil,98
856,Anopteris,7
857,Spotless Watermeal,76
858,Hawai'i Greenbrier,37
859,Crevajosa,44
860,Piper's Bluegrass,95
861,Lobb's Buttercup,53
862,Woolly Meadowfoam,28
863,King Bladderpod,90
864,Cloudcroft Phacelia,24
865,Sand Flax,99
866,Foxtail Cactus,66
867,White Rosemallow,13
868,Woodrose,21
869,Quill Fleabane,33
870,Morden's Parmotrema Lichen,82
871,Bolander's Map Lichen,46
872,Houseleek,81
873,Canada Goldenrod,89
874,Bluntleaf Spleenwort,14
875,Villous Lipfern,2
876,Agyrium Lichen,84
877,Miniature Lupine,57
878,Santa Cruz Island Silverhosackia,14
879,Lindheimer's Beeblossom,22
880,Philadelphia Fleabane,61
881,Tea,85
882,Texas Paloverde,83
883,Engelmann's Thistle,53
884,Pinkava's Pricklypear,14
885,Ilang-ilang,17
886,Earleaf Greenbrier,28
887,Nuttall's Quillwort,33
888,Chilean Wormseed,87
889,Lemonscented Gum,89
890,Salad Violet,64
891,Arizona Dock,83
892,Fringed False Hellebore,56
893,Smooth Tofieldia,28
894,Belladonna Lily,70
895,Hasse's Peltula Lichen,19
896,Rattan's Milkvetch,7
897,Hylocomiastrum Moss,18
898,Channel Island Poppy,34
899,Olney's Dry Rock Moss,79
900,Spreading Hedgeparsley,65
901,Scarlet Gilia,95
902,Greenland Fescue,47
903,Alkali Cordgrass,14
904,Brownturbans,31
905,Ash Penstemon,6
906,Pale Melicope,77
907,Bruised Lichen,18
908,Little Beaksedge,60
909,Lawsonia,66
910,Tobacco,11
911,Jesup's Hawthorn,44
912,Yellow Nightshade Groundcherry,34
913,Cracked Lichen,20
914,Dodge's Granular Lichen,49
915,Marang,78
916,Sicklepod Rockcress,74
917,Jenny's Stonecrop,67
918,Heliconia,12
919,Sixweeks Lovegrass,9
920,Desert Trumpet,56
921,Texas Dutchman's Pipe,91
922,Dalbergia,38
923,Himber,85
924,Cultivated Endive,70
925,Pokeweed,87
926,South American Skullcap,88
927,Lydgate's Cyrtandra,74
928,Stream Bogmoss,7
929,Brandegee's Desertparsley,5
930,Spreading Blazing Star,15
931,Slender Penstemon,27
932,Mossgrass,21
933,Little Green Sedge,9
934,Endococcus Lichen,65
935,Teloschistes Lichen,74
936,Grugru Palm,22
937,Cordillera Maiden Fern,75
938,Eaton's Fleabane,25
939,Santa Cruz Island Suncup,47
940,Waterwheel Plant,75
941,Small's Flax,72
942,Viper Grass,97
943,Alex's Dock,36
944,Tilesius' Wormwood,51
945,Woollycup Buckwheat,71
946,Thicket Sedge,37
947,Largeflower Cyrtandra,76
948,Rambai,79
949,Dominican Cudweed,20
950,American Threefold,64
951,Glandular Phacelia,61
952,Widepetal Lousewort,13
953,Kashmir Cypress,8
954,Nemesia,88
955,Perez's Sea Lavender,26
956,Orange Lichen,97
957,Parry's Rabbitbrush,22
958,Cordyline,62
959,Amblyodon Moss,89
960,Virginia Strawberry,20
961,Elegant Spikerush,39
962,Anemone,91
963,Thurber's Diphysa,55
964,Glossy Shower,15
965,Umbrella-sedge,90
966,Whitemargin Sandmat,32
967,Alabama Arrowwood,52
968,Deertongue,41
969,Strict Primrose,92
970,Cowslip Primrose,36
971,Shortleaf Rose Gentian,30
972,Marsh's Dutchman's Pipe,44
973,Corn Chamomile,4
974,Duchesne Milkvetch,84
975,Sea-onion,63
976,Red Fescue,92
977,Hybrid Oak,92
978,Dot Lichen,87
979,Sierra Stonecrop,71
980,Small Phacelia,45
981,Catawba Dermiscellum Lichen,59
982,Slickseed Fuzzybean,24
983,Pylais' Orthotrichum Moss,55
984,California Poppy,85
985,Leafless Beaked Lady Orchid,5
986,Whitefelt Indian Paintbrush,61
987,Desert Sand Verbena,94
988,Chapman's Fringed Orchid,40
989,Spurred Butterfly Pea,76
990,Pittsford Woodfern,61
991,Ohio Goldenrod,51
992,Santa Cruz Cypress,14
993,Nun's-hood Orchid,50
994,Sedge,34
995,Bartlettia,52
996,Henderson's Angelica,95
997,Crimson Bluestem,64
998,Woodland Monolopia,84
999,Bouquet False Buttonweed,75
1000,Valley Lupine,30
