clientId,clientName,email
1,Gerlach Inc,ckoppe0@senate.gov
2,Stracke and Sons,dclive1@msu.edu
3,Williamson-Bogan,mgoatcher2@whitehouse.gov
4,Grimes-Weber,jlocard3@newyorker.com
5,"Bogan, Bartell and Green",menbury4@nytimes.com
6,Murazik-Kessler,apinilla5@narod.ru
7,Becker-Bernier,jescalero6@gravatar.com
8,Grimes and Sons,swoolpert7@live.com
9,Wilkinson-Jones,dmcquillin8@mit.edu
10,Russel Group,mfawcett9@youku.com
11,Schuppe-Tromp,bbaystona@wikispaces.com
12,"Gusikowski, Ward and Feil",eorrb@unc.edu
13,Hammes Group,gschimmangc@behance.net
14,Larkin-Pfannerstill,arealffd@so-net.ne.jp
15,Crona-Hackett,dsussanse@godaddy.com
16,Hirthe-Hegmann,dpeakmanf@timesonline.co.uk
17,"Bogisich, Schmitt and Wolff",zblesingg@tuttocitta.it
18,Okuneva Group,adeblingh@typepad.com
19,Ankunding Inc,goverili@adobe.com
20,"Kirlin, Rowe and Walter",rmanderj@aboutads.info
21,"Christiansen, O'Reilly and Dibbert",dthorsenk@cmu.edu
22,"Harber, Balistreri and Lebsack",tdriffieldl@hud.gov
23,Huel Inc,lfrankcombm@smugmug.com
24,"Purdy, Runte and Stanton",nebbottsn@china.com.cn
25,"Bogan, Hagenes and Ryan",dfilano@newsvine.com
26,"Nienow, Reichel and Schinner",kduesterp@samsung.com
27,Kulas and Sons,tcossarq@mlb.com
28,Schoen Inc,kmolderr@biblegateway.com
29,"Padberg, Stracke and Yost",ndorgans@deviantart.com
30,Gottlieb-Osinski,ljoselsont@imgur.com
31,"Pagac, Schmeler and Kozey",nhriinchenkou@hp.com
32,"Carroll, Marvin and Johnson",aantognazziv@angelfire.com
33,"Pacocha, Mueller and Hayes",mvercruyssew@seesaa.net
34,Gorczany and Sons,gcortinx@360.cn
35,"Swift, Emmerich and VonRueden",edebiasiy@i2i.jp
36,"Mayer, Blanda and Schimmel",sbeagleholez@npr.org
37,"Wiza, Rosenbaum and Haley",wbewfield10@histats.com
38,Keeling LLC,lroma11@constantcontact.com
39,Wyman LLC,druzic12@technorati.com
40,Considine Inc,sbrooks13@usda.gov
41,"Langworth, Mertz and Purdy",scline14@newsvine.com
42,Jacobs-Farrell,hshallcrass15@uol.com.br
43,Hansen and Sons,jsollime16@usda.gov
44,Adams-Gutmann,gpontefract17@wp.com
45,Shanahan-Medhurst,stowell18@howstuffworks.com
46,King-DuBuque,benrrico19@dedecms.com
47,"Ebert, Weissnat and Anderson",smonger1a@tinyurl.com
48,Kessler and Sons,lphelipeaux1b@bbc.co.uk
49,"Bednar, Grimes and Hodkiewicz",mlyons1c@salon.com
50,Gorczany-Berge,igrigore1d@economist.com
51,Gutmann-Doyle,pcurnnok1e@google.co.uk
52,"Grady, Schumm and Ziemann",avigors1f@amazon.co.jp
53,"Bashirian, Collins and Stroman",jnaptin1g@fc2.com
54,"Weissnat, Kuvalis and Runolfsson",dteenan1h@sciencedaily.com
55,Kovacek Inc,apinchback1i@comsenz.com
56,"Kohler, Deckow and Ratke",nkeelin1j@posterous.com
57,Osinski-Schoen,cmarkel1k@fotki.com
58,"Jakubowski, Torp and Rolfson",alorrie1l@nifty.com
59,"Metz, Reichert and Collins",amacgee1m@columbia.edu
60,"D'Amore, Hane and Krajcik",fferras1n@delicious.com
61,Gottlieb and Sons,sstowte1o@aol.com
62,Feil-Funk,kstanyard1p@sourceforge.net
63,"Morissette, Haley and Haley",ilarrosa1q@over-blog.com
64,Hartmann Inc,hdomengue1r@surveymonkey.com
65,Hansen Inc,ccoley1s@cargocollective.com
66,Will LLC,fwetherhead1t@reuters.com
67,Torphy-Littel,dbansal1u@pbs.org
68,Padberg and Sons,slawn1v@newyorker.com
69,Von-Larkin,cwhitlock1w@eepurl.com
70,MacGyver-Oberbrunner,agreenalf1x@netvibes.com
71,Konopelski and Sons,abarendtsen1y@soundcloud.com
72,"Lebsack, Goldner and Kling",dmcdool1z@blogspot.com
73,Murazik-Luettgen,bflay20@wikipedia.org
74,"Turner, Mills and Kuhn",pcassels21@vistaprint.com
75,MacGyver and Sons,fdauncey22@blogger.com
76,Gottlieb Group,skillingsworth23@globo.com
77,Funk LLC,ibickers24@4shared.com
78,McKenzie and Sons,fclaus25@wunderground.com
79,Miller-Bartoletti,hhawtrey26@army.mil
80,Herman-Johns,caucock27@foxnews.com
81,"Lehner, McGlynn and Little",tcapini28@apple.com
82,"Farrell, Glover and Rice",iseiter29@canalblog.com
83,Hoeger-Hartmann,ndundredge2a@sfgate.com
84,Feest LLC,cmangon2b@sun.com
85,Bogan-Mante,briggott2c@parallels.com
86,"Howell, Mills and Bruen",vhaycox2d@whitehouse.gov
87,Weimann Inc,cpurse2e@networkadvertising.org
88,"Dare, Lynch and Bosco",fkubes2f@unblog.fr
89,"Walsh, Feest and Schinner",krand2g@last.fm
90,Beatty Group,jenrdigo2h@google.com.br
91,Cormier-Simonis,svondrak2i@apache.org
92,Flatley-Schimmel,cpenrith2j@google.com.br
93,Sipes-Breitenberg,kmccaskill2k@merriam-webster.com
94,Crona Inc,vdrew2l@thetimes.co.uk
95,Cummings-Balistreri,bcicculi2m@hc360.com
96,Cremin-Beer,abeefon2n@storify.com
97,Gaylord-Cassin,hprettyjohn2o@cbslocal.com
98,Emard Group,jpaye2p@jigsy.com
99,Rippin-Cremin,cmckinna2q@is.gd
100,"Kutch, Renner and Breitenberg",rchevis2r@topsy.com
